version_no	name	release_date	onetech_link
254		2019-07-28	https://onetech.info/versions/254
253		2019-07-26	https://onetech.info/versions/253
252	Grand Arc[1]	2019-07-26	https://onetech.info/versions/252
250		2019-07-20	https://onetech.info/versions/250
249	New Brothers[2]	2019-07-19	https://onetech.info/versions/249
247	More Fixes[3]	2019-07-06	https://onetech.info/versions/247
	Genetic Fitness[4]	2019-06-29	
244	Murder Mouth[5]	2019-06-22	https://onetech.info/versions/244
241		2019-06-15	https://onetech.info/versions/241
240	Lots of Fixes[6]	2019-06-14	
239	Precious Life[7]	2019-06-09	https://onetech.info/versions/239
237		2019-05-30	https://onetech.info/versions/237
236	Clutter Be Gone[8]	2019-05-30	https://onetech.info/versions/236
233	Last Dance[9]	2019-05-25	https://onetech.info/versions/233
232		2019-05-24	https://onetech.info/versions/232
230		2019-05-18	https://onetech.info/versions/230
229	Language Learning[10]	2019-05-17	https://onetech.info/versions/229
227		2019-05-16	https://onetech.info/versions/227
226		2019-05-14	https://onetech.info/versions/226
225	Come Together[11]	2019-05-12	https://onetech.info/versions/225
224		2019-05-11	https://onetech.info/versions/224
222	Pump Overhaul[12]	2019-05-04	https://onetech.info/versions/222
220		2019-04-30	https://onetech.info/versions/220
218	Frozen Moments[13]	2019-04-27	https://onetech.info/versions/218
217	Good Fences Good Neighbors[14]	2019-04-20	https://onetech.info/versions/217
214	High Society[15]	2019-04-06	https://onetech.info/versions/214
213	Sweet and Spicy[16]	2019-03-30	https://onetech.info/versions/213
210	More Emotions[17]	2019-03-16	https://onetech.info/versions/210
209		2019-03-07	https://onetech.info/versions/209
208		2019-03-03	https://onetech.info/versions/208
207	Fixes Galore[18]	2019-03-02	https://onetech.info/versions/207
205	Turbo Map Load[19]	2019-02-24	https://onetech.info/versions/205
203		2019-02-23	https://onetech.info/versions/203
201		2019-02-20	https://onetech.info/versions/201
200	Temperature Overhaul[20]	2019-02-16	https://onetech.info/versions/200
	Client Lag Fix[21]	2019-02-10	
197		2019-02-07	https://onetech.info/versions/197
196	The Miracle of Flight[22]	2019-02-01	https://onetech.info/versions/196
	Big Server[23]	2019-01-26	
194	Romeo Charlie[24]	2019-01-18	https://onetech.info/versions/194
192		2019-01-12	https://onetech.info/versions/192
191	Radio Telegraphy[25]	2019-01-12	https://onetech.info/versions/191
189	Population Stabilization[26]	2019-01-05	https://onetech.info/versions/189
186	Apocalypse 2.0[27]	2018-12-28	https://onetech.info/versions/186
184	Yuletide Together[28]	2018-12-21	https://onetech.info/versions/184
182	Internal Combustion[29]	2018-12-14	https://onetech.info/versions/182
180		2018-12-08	https://onetech.info/versions/180
179	Black Gold[30]	2018-12-08	https://onetech.info/versions/179
178		2018-12-01	https://onetech.info/versions/178
176		2018-11-30	https://onetech.info/versions/176
175	Newcomen Atmospheric Engine[31]	2018-11-30	https://onetech.info/versions/175
173		2018-11-27	https://onetech.info/versions/173
171	Turkey Hunt[32]	2018-11-22	https://onetech.info/versions/171
170	Jungle Flora[33]	2018-11-19	https://onetech.info/versions/170
164		2018-11-08	https://onetech.info/versions/164
162	Games of Chance[34]	2018-11-03	https://onetech.info/versions/162
159		2018-10-30	https://onetech.info/versions/159
158	Plaster and Paint[35]	2018-10-27	https://onetech.info/versions/158
156	Steam integration complete[36]	2018-10-20	https://onetech.info/versions/156
154	More bug fixes[37]	2018-10-13	https://onetech.info/versions/154
150		2018-10-09	https://onetech.info/versions/150
148	Temperature system fixed[38]	2018-10-06	https://onetech.info/versions/148
146	Emotion[39]	2018-09-29	https://onetech.info/versions/146
145		2018-09-23	https://onetech.info/versions/145
144		2018-09-21	https://onetech.info/versions/144
143	Tree Farm[40]	2018-09-21	https://onetech.info/versions/143
142		2018-09-19	https://onetech.info/versions/142
141		2018-09-18	https://onetech.info/versions/141
139	Dogs and Donkeys[41]	2018-09-15	https://onetech.info/versions/139
135	Friends and Strangers[42]	2018-09-08	https://onetech.info/versions/135
134		2018-08-28	https://onetech.info/versions/134
133		2018-08-23	https://onetech.info/versions/133
132	Written Word[43]	2018-08-23	https://onetech.info/versions/132
131	Roads and Rails[44]	2018-08-18	https://onetech.info/versions/131
129		2018-08-14	https://onetech.info/versions/129
128		2018-08-12	https://onetech.info/versions/128
127	Bison and Butter[45]	2018-08-11	https://onetech.info/versions/127
	All servers are now running the new, low-latency database[46]	2018-08-08	
	Even newer, even-lower-latency database engine is live[47]	2018-08-04	
	New low-latency database engine is live[48]	2018-07-28	
	Server lag optimzation and client improvements[49]	2018-07-21	
124	Twins[50]	2018-07-14	https://onetech.info/versions/124
120	Curses[51]	2018-07-07	https://onetech.info/versions/120
117	Tutorial[52]	2018-06-30	https://onetech.info/versions/117
116		2018-06-23	https://onetech.info/versions/116
114		2018-06-22	https://onetech.info/versions/114
113	Emergency Medicine[53]	2018-06-22	https://onetech.info/versions/113
111	Good Eating[54]	2018-06-15	https://onetech.info/versions/111
109		2018-06-10	https://onetech.info/versions/109
108	Big Farm[55]	2018-06-09	https://onetech.info/versions/108
106		2018-06-05	https://onetech.info/versions/106
104		2018-06-02	https://onetech.info/versions/104
103	Small Farm[56]	2018-06-01	https://onetech.info/versions/103
101	Families and Funerals[57]	2018-05-26	https://onetech.info/versions/101
98	What Grave is This?[58]	2018-05-19	https://onetech.info/versions/98
96	Family Tree Browser[59]	2018-05-12	https://onetech.info/versions/96
94		2018-05-08	https://onetech.info/versions/94
93		2018-05-05	https://onetech.info/versions/93
92		2018-05-04	https://onetech.info/versions/92
91	A Message for the Future[60]	2018-05-04	https://onetech.info/versions/91
89		2018-05-01	https://onetech.info/versions/89
88		2018-04-29	https://onetech.info/versions/88
87		2018-04-28	https://onetech.info/versions/87
86	Fixing a bunch of things[61]	2018-04-28	https://onetech.info/versions/86
85		2018-04-27	https://onetech.info/versions/85
84		2018-04-23	https://onetech.info/versions/84
83		2018-04-23	https://onetech.info/versions/83
82		2018-04-22	https://onetech.info/versions/82
81		2018-04-22	https://onetech.info/versions/81
80		2018-04-21	https://onetech.info/versions/80
79	From Riches to Rags[62]	2018-04-21	https://onetech.info/versions/79
76		2018-04-17	https://onetech.info/versions/76
75	The Monument[63]	2018-04-14	https://onetech.info/versions/75
73	The Apocalypse[64]	2018-04-06	https://onetech.info/versions/73
71	"""A Horse with No Name""[65] / ""Name that baby""[66]"	2018-04-01	https://onetech.info/versions/71
67		2018-03-16	https://onetech.info/versions/67
63		2018-03-10	https://onetech.info/versions/63
62		2018-03-09	https://onetech.info/versions/62
61		2018-03-03	https://onetech.info/versions/61
56		2018-02-27	https://onetech.info/versions/56
55		2018-02-27	https://onetech.info/versions/55
54		2018-02-26	https://onetech.info/versions/54
52		2018-02-09	https://onetech.info/versions/52
50		2018-01-30	https://onetech.info/versions/50
49		2018-01-27	https://onetech.info/versions/49
46		2018-01-20	https://onetech.info/versions/46
45		2018-01-20	https://onetech.info/versions/45
43		2018-01-10	https://onetech.info/versions/43
41		2017-12-02	https://onetech.info/versions/41
38		2017-11-29	https://onetech.info/versions/38
36		2017-11-16	https://onetech.info/versions/36
34		2017-08-17	https://onetech.info/versions/34
31		2017-07-29	https://onetech.info/versions/31
29		2017-07-22	https://onetech.info/versions/29
27		2017-07-02	https://onetech.info/versions/27
25		2017-06-30	https://onetech.info/versions/25
24		2017-06-24	https://onetech.info/versions/24
20		2017-05-20	https://onetech.info/versions/20
19		2017-04-18	https://onetech.info/versions/18
17		2017-04-15	https://onetech.info/versions/17
16		2017-04-15	https://onetech.info/versions/16
